epoch,ablation_loss,train_loss,train_acc,train_f1,val_loss,val_acc_4class,val_f1_4class,val_acc_3class,val_f1_3class,val_acc,val_f1,val_sen,val_spe,val_precision,val_auc
5,ins2cls,0.6080967786497083,0.7737068965517241,0.7726018571257797,0.6697841712406704,0.4166666666666667,0.39375239066683665,0.45,0.41344936036380636,0.8571428571428571,0.8557983193277311,0.8571428571428571,0.7777777777777778,0.8585164835164835,0.8888888888888888
