epoch,ablation_loss,train_loss,train_acc,train_f1,val_loss,val_acc_4class,val_f1_4class,val_acc_3class,val_f1_3class,val_acc,val_f1,val_sen,val_spe,val_precision,val_auc
1,full,1.3006607224715168,0.5107758620689655,0.5059996175296397,0.6931471824645996,0.3333333333333333,0.2142996298460939,0.45,0.3405401681135455,0.42857142857142855,0.2571428571428571,0.42857142857142855,1.0,0.18367346938775508,0.5
