epoch,ablation_loss,train_loss,train_acc,train_f1,val_loss,val_acc_4class,val_f1_4class,val_acc_3class,val_f1_3class,val_acc,val_f1,val_sen,val_spe,val_precision,val_auc
20,exclude_ins2cls,0.03513589649733189,0.9977876106194691,0.9977900309639861,0.6844305992126465,0.48333333333333334,0.5209563518894148,0.5833333333333334,0.5894748704079333,0.6842105263157895,0.6417004048582996,0.6842105263157895,0.3333333333333333,0.8026315789473685,0.7444444444444445
