epoch,ablation_loss,train_loss,train_acc,train_f1,val_loss,val_acc_4class,val_f1_4class,val_acc_3class,val_f1_3class,val_acc,val_f1,val_sen,val_spe,val_precision,val_auc
4,full,0.8152245698047096,0.7241379310344828,0.7239555671702841,0.6844599190212431,0.5,0.43733895414929896,0.5166666666666667,0.4758004926108375,0.6666666666666666,0.6590389016018305,0.6666666666666666,0.8888888888888888,0.7346938775510203,0.8240740740740741
