epoch,ablation_loss,train_loss,train_acc,train_f1,val_loss,val_acc_4class,val_f1_4class,val_acc_3class,val_f1_3class,val_acc,val_f1,val_sen,val_spe,val_precision,val_auc
16,hierarchical_triplet_only,0.14993025214674785,0.9473684210526315,0.9473674085758806,0.6115331848462423,0.5666666666666667,0.5814814814814814,0.6,0.6055555555555555,0.8571428571428571,0.8557983193277311,0.8571428571428571,0.7777777777777778,0.8585164835164835,0.787037037037037
