epoch,ablation_loss,train_loss,train_acc,train_f1,val_loss,val_acc_4class,val_f1_4class,val_acc_3class,val_f1_3class,val_acc,val_f1,val_sen,val_spe,val_precision,val_auc
28,full,0.06411100120136612,1.0,1.0,0.6797264388629368,0.48333333333333334,0.5063066202090591,0.5333333333333333,0.5420209059233448,0.8095238095238095,0.7959183673469388,0.8095238095238095,0.5555555555555556,0.8571428571428571,0.8055555555555556
