epoch,ablation_loss,train_loss,train_acc,train_f1,val_loss,val_acc_4class,val_f1_4class,val_acc_3class,val_f1_3class,val_acc,val_f1,val_sen,val_spe,val_precision,val_auc
12,full,0.40813030949548673,0.9320175438596491,0.9320229377976937,0.6812100580760411,0.48333333333333334,0.4637220506571991,0.5333333333333333,0.5396732701693943,0.7142857142857143,0.6938775510204082,0.7142857142857143,0.4444444444444444,0.7357142857142857,0.8240740740740741
