epoch,ablation_loss,train_loss,train_acc,train_f1,val_loss,val_acc_4class,val_f1_4class,val_acc_3class,val_f1_3class,val_acc,val_f1,val_sen,val_spe,val_precision,val_auc
2,exp_triplet_ins2cls,1.2774519936034554,0.46271929824561403,0.4585471736389185,0.539460722889219,0.5,0.4805616605616605,0.55,0.5429309985407547,0.8095238095238095,0.804945054945055,0.8095238095238095,0.6666666666666666,0.8163265306122449,0.8703703703703705
