epoch,ablation_loss,train_loss,train_acc,train_f1,val_loss,val_acc_4class,val_f1_4class,val_acc_3class,val_f1_3class,val_acc,val_f1,val_sen,val_spe,val_precision,val_auc
19,exclude_ins2ins,0.12395375281308604,0.9933628318584071,0.993355408388521,0.6873705261632016,0.48333333333333334,0.492316515539022,0.55,0.5381818181818183,0.7894736842105263,0.7769423558897244,0.7894736842105263,0.5555555555555556,0.849624060150376,0.6777777777777778
