epoch,ablation_loss,train_loss,train_acc,train_f1,val_loss,val_acc_4class,val_f1_4class,val_acc_3class,val_f1_3class,val_acc,val_f1,val_sen,val_spe,val_precision,val_auc
5,ce,0.5700649004756358,0.7697368421052632,0.7694664293212835,0.6831130669230506,0.38333333333333336,0.36947089947089945,0.45,0.4089978213507625,0.7619047619047619,0.7366426676771505,0.7619047619047619,0.4444444444444444,0.8319327731092436,0.7962962962962963
