epoch,ablation_loss,train_loss,train_acc,train_f1,val_loss,val_acc_4class,val_f1_4class,val_acc_3class,val_f1_3class,val_acc,val_f1,val_sen,val_spe,val_precision,val_auc
6,full,0.5288754437576261,0.8640350877192983,0.8640611587920008,0.6860785030183338,0.48333333333333334,0.46488721804511274,0.5333333333333333,0.540139177731563,0.7142857142857143,0.6714285714285715,0.7142857142857143,0.3333333333333333,0.8095238095238095,0.8055555555555556
