epoch,ablation_loss,train_loss,train_acc,train_f1,val_loss,val_acc_4class,val_f1_4class,val_acc_3class,val_f1_3class,val_acc,val_f1,val_sen,val_spe,val_precision,val_auc
11,full,0.46189878939798,0.9210526315789473,0.9210552686226064,0.5836978815163353,0.2833333333333333,0.14766584766584767,0.35,0.18148148148148147,0.8095238095238095,0.8095238095238095,0.8095238095238095,0.7777777777777778,0.8095238095238095,0.8518518518518519
