epoch,ablation_loss,train_loss,train_acc,train_f1,val_loss,val_acc_4class,val_f1_4class,val_acc_3class,val_f1_3class,val_acc,val_f1,val_sen,val_spe,val_precision,val_auc
6,full,0.5519658481252605,0.8663793103448276,0.8663693794128577,0.6811183946473258,0.35,0.32517519466073413,0.45,0.3863183730715287,0.6666666666666666,0.6666666666666666,0.6666666666666666,0.7777777777777778,0.6944444444444444,0.8425925925925927
