epoch,ablation_loss,train_loss,train_acc,train_f1,val_loss,val_acc_4class,val_f1_4class,val_acc_3class,val_f1_3class,val_acc,val_f1,val_sen,val_spe,val_precision,val_auc
12,full,0.2519476867950799,0.9802631578947368,0.9802598837947636,0.679485695702689,0.5666666666666667,0.5811203860701709,0.65,0.6546362627383715,0.7142857142857143,0.6714285714285715,0.7142857142857143,0.3333333333333333,0.8095238095238095,0.638888888888889
