epoch,ablation_loss,train_loss,train_acc,train_f1,val_loss,val_acc_4class,val_f1_4class,val_acc_3class,val_f1_3class,val_acc,val_f1,val_sen,val_spe,val_precision,val_auc
21,full,0.21981544452801086,0.9824561403508771,0.9824463530756176,0.6642673895472572,0.4666666666666667,0.4217343982460262,0.5166666666666667,0.49650403405120386,0.8095238095238095,0.804945054945055,0.8095238095238095,0.6666666666666666,0.8163265306122449,0.7685185185185186
