epoch,ablation_loss,train_loss,train_acc,train_f1,val_loss,val_acc_4class,val_f1_4class,val_acc_3class,val_f1_3class,val_acc,val_f1,val_sen,val_spe,val_precision,val_auc
11,exclude_ins2ins,0.15768719304418355,0.9846491228070176,0.9846610877196366,0.6802909516152882,0.45,0.44339637978548346,0.5,0.4925672594619243,0.7619047619047619,0.7513227513227513,0.7619047619047619,0.5555555555555556,0.7761904761904761,0.6851851851851852
