epoch,ablation_loss,train_loss,train_acc,train_f1,val_loss,val_acc_4class,val_f1_4class,val_acc_3class,val_f1_3class,val_acc,val_f1,val_sen,val_spe,val_precision,val_auc
2,full,0.927475890095255,0.6106194690265486,0.6082326574118593,0.6943042152806332,0.38333333333333336,0.21244979919678716,0.38333333333333336,0.21244979919678716,0.5263157894736842,0.3629764065335753,0.5263157894736842,0.0,0.27700831024930744,0.18888888888888888
