epoch,ablation_loss,train_loss,train_acc,train_f1,val_loss,val_acc_4class,val_f1_4class,val_acc_3class,val_f1_3class,val_acc,val_f1,val_sen,val_spe,val_precision,val_auc
5,full,0.7259972849697397,0.7719298245614035,0.7716227985922117,0.6854140276000613,0.4166666666666667,0.319047619047619,0.43333333333333335,0.35,0.8095238095238095,0.804945054945055,0.8095238095238095,0.6666666666666666,0.8163265306122449,0.8703703703703703
