epoch,ablation_loss,train_loss,train_acc,train_f1,val_loss,val_acc_4class,val_f1_4class,val_acc_3class,val_f1_3class,val_acc,val_f1,val_sen,val_spe,val_precision,val_auc
6,triplet_only,0.41418255799833464,0.8823529411764706,0.8821528303957976,0.6866258593166575,0.4166666666666667,0.32632534495279597,0.4166666666666667,0.332325344952796,0.6470588235294118,0.6394957983193277,0.6470588235294118,0.5,0.6506238859180036,0.6944444444444444
