epoch,ablation_loss,train_loss,train_acc,train_f1,val_loss,val_acc_4class,val_f1_4class,val_acc_3class,val_f1_3class,val_acc,val_f1,val_sen,val_spe,val_precision,val_auc
5,full,0.6381796645907174,0.7898230088495575,0.7897722223357033,0.6929178081060711,0.2833333333333333,0.15454545454545457,0.3,0.17497556207233628,0.5263157894736842,0.3629764065335753,0.5263157894736842,0.0,0.27700831024930744,0.23333333333333334
