epoch,ablation_loss,train_loss,train_acc,train_f1,val_loss,val_acc_4class,val_f1_4class,val_acc_3class,val_f1_3class,val_acc,val_f1,val_sen,val_spe,val_precision,val_auc
1,full,1.3632886642668427,0.4957983193277311,0.4954785538120626,0.6931471824645996,0.4,0.32304964539007097,0.5166666666666667,0.425,0.47058823529411764,0.3011764705882353,0.47058823529411764,1.0,0.22145328719723184,0.5
