epoch,ablation_loss,train_loss,train_acc,train_f1,val_loss,val_acc_4class,val_f1_4class,val_acc_3class,val_f1_3class,val_acc,val_f1,val_sen,val_spe,val_precision,val_auc
1,full,1.35346984575715,0.4692982456140351,0.46137405886379196,0.6931471824645996,0.31666666666666665,0.18951612903225806,0.36666666666666664,0.2617383512544803,0.42857142857142855,0.2571428571428571,0.42857142857142855,1.0,0.18367346938775508,0.5
