epoch,ablation_loss,train_loss,train_acc,train_f1,val_loss,val_acc_4class,val_f1_4class,val_acc_3class,val_f1_3class,val_acc,val_f1,val_sen,val_spe,val_precision,val_auc
7,ins2ins,0.2879411155570364,0.8947368421052632,0.8947143843106626,0.6734399738765898,0.4,0.4083774440577963,0.48333333333333334,0.4797830923248053,0.7619047619047619,0.7513227513227513,0.7619047619047619,0.5555555555555556,0.7761904761904761,0.7777777777777778
