epoch,ablation_loss,train_loss,train_acc,train_f1,val_loss,val_acc_4class,val_f1_4class,val_acc_3class,val_f1_3class,val_acc,val_f1,val_sen,val_spe,val_precision,val_auc
24,full,0.10730774824817975,0.9912280701754386,0.9912280701754386,0.6778217440559751,0.5333333333333333,0.5391954022988504,0.6166666666666667,0.6239428770463253,0.6666666666666666,0.6518518518518519,0.6666666666666666,0.4444444444444444,0.6666666666666666,0.5462962962962963
