epoch,ablation_loss,train_loss,train_acc,train_f1,val_loss,val_acc_4class,val_f1_4class,val_acc_3class,val_f1_3class,val_acc,val_f1,val_sen,val_spe,val_precision,val_auc
5,exp_triplet_ins2cls,1.028698348162467,0.5986842105263158,0.5877478986671342,0.5755173861536951,0.4166666666666667,0.4033367839889579,0.43333333333333335,0.41630718954248364,0.8571428571428571,0.8507936507936508,0.8571428571428571,0.6666666666666666,0.8857142857142858,0.7962962962962964
