epoch,ablation_loss,train_loss,train_acc,train_f1,val_loss,val_acc_4class,val_f1_4class,val_acc_3class,val_f1_3class,val_acc,val_f1,val_sen,val_spe,val_precision,val_auc
20,ins2ins,0.08394644837167146,0.9823008849557522,0.9822608558842039,0.6675167460190622,0.48333333333333334,0.4983810944761709,0.5333333333333333,0.5380009775171065,0.7894736842105263,0.7883040935672515,0.7894736842105263,0.8888888888888888,0.8050239234449762,0.9222222222222223
