epoch,ablation_loss,train_loss,train_acc,train_f1,val_loss,val_acc_4class,val_f1_4class,val_acc_3class,val_f1_3class,val_acc,val_f1,val_sen,val_spe,val_precision,val_auc
6,full,0.5811387078951945,0.8429203539823009,0.8429609877122038,0.6769048226507086,0.4666666666666667,0.37933077851110636,0.5,0.4292020783824062,0.7368421052631579,0.7125506072874493,0.7368421052631579,0.4444444444444444,0.8245614035087719,0.8333333333333333
