epoch,ablation_loss,train_loss,train_acc,train_f1,val_loss,val_acc_4class,val_f1_4class,val_acc_3class,val_f1_3class,val_acc,val_f1,val_sen,val_spe,val_precision,val_auc
13,exp_hierarchical_triplet_ins2cls,0.13681716534533891,0.9655172413793104,0.9655166007097338,0.6020675400892893,0.4,0.40403445955041056,0.45,0.4416842105263158,0.8095238095238095,0.7959183673469388,0.8095238095238095,0.5555555555555556,0.8571428571428571,0.8148148148148149
