epoch,ablation_loss,train_loss,train_acc,train_f1,val_loss,val_acc_4class,val_f1_4class,val_acc_3class,val_f1_3class,val_acc,val_f1,val_sen,val_spe,val_precision,val_auc
1,full,1.1929659060144846,0.5243362831858407,0.5194007759862872,0.6931471824645996,0.36666666666666664,0.2219814241486068,0.36666666666666664,0.24617985125084516,0.47368421052631576,0.3045112781954888,0.47368421052631576,1.0,0.22437673130193903,0.5
