epoch,ablation_loss,train_loss,train_acc,train_f1,val_loss,val_acc_4class,val_f1_4class,val_acc_3class,val_f1_3class,val_acc,val_f1,val_sen,val_spe,val_precision,val_auc
30,hierarchical_triplet_only,0.006107159384595306,1.0,1.0,0.6380076436769395,0.4666666666666667,0.4455844155844156,0.5,0.46657342657342654,0.8571428571428571,0.8557983193277311,0.8571428571428571,0.7777777777777778,0.8585164835164835,0.8055555555555556
