epoch,ablation_loss,train_loss,train_acc,train_f1,val_loss,val_acc_4class,val_f1_4class,val_acc_3class,val_f1_3class,val_acc,val_f1,val_sen,val_spe,val_precision,val_auc
12,full,0.27321354412481563,0.9663865546218487,0.9663313451437728,0.6858560898724724,0.4166666666666667,0.4061715561715562,0.5,0.4618770592454803,0.6470588235294118,0.6394957983193277,0.6470588235294118,0.5,0.6506238859180036,0.5972222222222222
