epoch,ablation_loss,train_loss,train_acc,train_f1,val_loss,val_acc_4class,val_f1_4class,val_acc_3class,val_f1_3class,val_acc,val_f1,val_sen,val_spe,val_precision,val_auc
11,ce,0.0910593781920493,0.9692982456140351,0.9693144993121806,0.6699925377255395,0.55,0.47564599483204134,0.55,0.4775690717551183,0.8095238095238095,0.7959183673469388,0.8095238095238095,0.5555555555555556,0.8571428571428571,0.7962962962962963
