epoch,ablation_loss,train_loss,train_acc,train_f1,val_loss,val_acc_4class,val_f1_4class,val_acc_3class,val_f1_3class,val_acc,val_f1,val_sen,val_spe,val_precision,val_auc
27,full,0.18095654474587,0.9936974789915967,0.9936907889499244,0.6855776765767265,0.5,0.5225147348487007,0.5833333333333334,0.5825656948996607,0.7058823529411765,0.6929541047188107,0.7058823529411765,0.5,0.7294117647058824,0.625
