epoch,ablation_loss,train_loss,train_acc,train_f1,val_loss,val_acc_4class,val_f1_4class,val_acc_3class,val_f1_3class,val_acc,val_f1,val_sen,val_spe,val_precision,val_auc
4,exp_triplet_ins2cls,0.734662119580918,0.7521008403361344,0.7518459858251184,0.6891724888016196,0.45,0.32440860215053763,0.4666666666666667,0.3589700056593096,0.5294117647058824,0.36651583710407243,0.5294117647058824,0.0,0.28027681660899656,0.7361111111111112
