epoch,ablation_loss,train_loss,train_acc,train_f1,val_loss,val_acc_4class,val_f1_4class,val_acc_3class,val_f1_3class,val_acc,val_f1,val_sen,val_spe,val_precision,val_auc
1,full,1.239032316733809,0.5126050420168067,0.5085578563462401,0.6965815600226907,0.38333333333333336,0.301010101010101,0.4666666666666667,0.3795286195286195,0.47058823529411764,0.3011764705882353,0.47058823529411764,1.0,0.22145328719723184,0.2916666666666667
