epoch,ablation_loss,train_loss,train_acc,train_f1,val_loss,val_acc_4class,val_f1_4class,val_acc_3class,val_f1_3class,val_acc,val_f1,val_sen,val_spe,val_precision,val_auc
7,full,0.5878980304849776,0.8464912280701754,0.8464146098943011,0.6760368687765939,0.4166666666666667,0.3202194357366771,0.45,0.3565830721003135,0.7619047619047619,0.7366426676771505,0.7619047619047619,0.4444444444444444,0.8319327731092436,0.8333333333333334
